{
  "prompt_v1_scores": {
    "faithfulness": 0.9515238095238095,
    "answer_relevancy": 0.8895338494279622,
    "context_recall": 0.95,
    "context_precision": 0.9233333332608333
  },
  "prompt_v2_scores": {
    "faithfulness": 0.9556440781440781,
    "answer_relevancy": 0.8849079480622203,
    "context_recall": 0.94,
    "context_precision": 0.9299999999279999
  },
  "target_met": true
}